<?xml version="1.0" encoding="UTF-8"?>
<node>
<version>6</version>
<dict>
  <key>title</key><string>chmod ownership</string>
  <key>nodeid</key><string>55a15888-afc5-442d-91d6-9bd29bce6b8f</string>
  <key>modified_time</key><integer>1603718807</integer>
  <key>version</key><integer>6</integer>
  <key>content_type</key><string>text/xhtml+xml</string>
  <key>created_time</key><integer>1603718700</integer>
  <key>info_sort_dir</key><integer>1</integer>
  <key>order</key><integer>4</integer>
  <key>info_sort</key><string>order</string>
</dict>
</node>
