<?xml version="1.0" encoding="UTF-8"?>
<node>
<version>6</version>
<dict>
  <key>title</key><string>summary</string>
  <key>nodeid</key><string>ad2b3517-3214-4da2-ac79-f52874237bb6</string>
  <key>modified_time</key><integer>1603719747</integer>
  <key>version</key><integer>6</integer>
  <key>content_type</key><string>text/xhtml+xml</string>
  <key>created_time</key><integer>1603718831</integer>
  <key>info_sort_dir</key><integer>1</integer>
  <key>order</key><integer>5</integer>
  <key>info_sort</key><string>order</string>
</dict>
</node>
