<?xml version="1.0" encoding="UTF-8"?>
<node>
<version>6</version>
<dict>
  <key>title</key><string>detail info about permission</string>
  <key>nodeid</key><string>2a58cde7-028a-4ee7-956b-ebe2e3f36611</string>
  <key>modified_time</key><integer>1603718447</integer>
  <key>version</key><integer>6</integer>
  <key>content_type</key><string>text/xhtml+xml</string>
  <key>created_time</key><integer>1603718053</integer>
  <key>info_sort_dir</key><integer>1</integer>
  <key>order</key><integer>2</integer>
  <key>info_sort</key><string>order</string>
</dict>
</node>
