<?xml version="1.0" encoding="UTF-8"?>
<node>
<version>6</version>
<dict>
  <key>expanded</key><true/>
  <key>title</key><string>ownership of linux files</string>
  <key>nodeid</key><string>a23f913f-ce6c-4137-8b9b-a9fdd3d039de</string>
  <key>modified_time</key><integer>1603717826</integer>
  <key>version</key><integer>6</integer>
  <key>content_type</key><string>text/xhtml+xml</string>
  <key>created_time</key><integer>1603198778</integer>
  <key>info_sort_dir</key><integer>1</integer>
  <key>order</key><integer>0</integer>
  <key>info_sort</key><string>order</string>
</dict>
</node>
