<?xml version="1.0" encoding="UTF-8"?>
<node>
<version>6</version>
<dict>
  <key>title</key><string>permission</string>
  <key>nodeid</key><string>8d4f3ee7-f6e6-4a07-8131-1d78c758e040</string>
  <key>modified_time</key><integer>1603718006</integer>
  <key>version</key><integer>6</integer>
  <key>content_type</key><string>text/xhtml+xml</string>
  <key>created_time</key><integer>1603199792</integer>
  <key>info_sort_dir</key><integer>1</integer>
  <key>order</key><integer>1</integer>
  <key>info_sort</key><string>order</string>
</dict>
</node>
