<?xml version="1.0" encoding="UTF-8"?>
<node>
<version>6</version>
<dict>
  <key>title</key><string>chmod</string>
  <key>nodeid</key><string>df0d067a-a26a-4605-9e62-05a25c6bca20</string>
  <key>modified_time</key><integer>1603719837</integer>
  <key>version</key><integer>6</integer>
  <key>content_type</key><string>text/xhtml+xml</string>
  <key>created_time</key><integer>1603718537</integer>
  <key>info_sort_dir</key><integer>1</integer>
  <key>order</key><integer>3</integer>
  <key>info_sort</key><string>order</string>
</dict>
</node>
